Date,Clicks,Impressions,CTR,Position
2026-08-26,0,0,,
2026-08-27,0,0,,
2026-08-28,0,6,0%,65.5
2026-08-29,0,8,0%,69.2
2026-08-30,0,8,0%,73.6
2026-08-31,0,7,0%,73.1
2026-09-01,0,0,,
2026-09-02,0,5,0%,89
2026-09-03,0,7,0%,75.3
2026-09-04,0,9,0%,55.7
2026-09-05,0,8,0%,65.1
2026-09-06,0,15,0%,52.9
2026-09-07,0,16,0%,60.1
2026-09-08,0,41,0%,32
2026-09-09,0,47,0%,25.6
2026-09-10,1,28,3.57%,35.8
2026-09-11,0,18,0%,48.7
2026-09-12,0,12,0%,48
2026-09-13,0,26,0%,41.3
2026-09-14,1,16,6.25%,30.1
2026-09-15,0,15,0%,46.1
2026-09-16,0,10,0%,26.6
2026-09-17,0,8,0%,9.2
2026-09-18,0,9,0%,23.4
2026-09-19,2,11,18.18%,37.8
2026-09-20,0,9,0%,38.2
2026-09-21,0,15,0%,27.8
2026-09-22,0,9,0%,19
2026-09-23,0,9,0%,43.9
2026-09-24,0,12,0%,28.3
2026-09-25,0,25,0%,19.4
2026-09-26,0,30,0%,11.5
2026-09-27,0,34,0%,7.4
2026-09-28,0,23,0%,16.3
2026-09-29,1,28,3.57%,8.5
2026-09-30,1,36,2.78%,9.9
2026-10-01,0,34,0%,35.3
2026-10-02,0,40,0%,28.5