Country,Clicks,Impressions,CTR,Position
United States,2,296,0.68%,30.49
Germany,1,22,4.55%,26.18
Singapore,1,4,25%,4
Uzbekistan,1,2,50%,4
Taiwan,1,1,100%,1
United Kingdom,0,30,0%,35.47
Australia,0,29,0%,44.31
India,0,25,0%,43.12
Brazil,0,23,0%,19.43
Belgium,0,18,0%,28.33
France,0,14,0%,30.29
South Korea,0,14,0%,85.86
Russia,0,11,0%,49
Philippines,0,11,0%,55.45
Netherlands,0,10,0%,28.5
Kazakhstan,0,9,0%,11.67
Indonesia,0,9,0%,28.56
Austria,0,9,0%,34.11
Poland,0,7,0%,18.29
Vietnam,0,7,0%,50.57
United Arab Emirates,0,6,0%,15.83
Canada,0,5,0%,44.6
Bangladesh,0,4,0%,23.5
Ukraine,0,4,0%,26.5
Thailand,0,4,0%,78.25
Argentina,0,3,0%,4.33
Egypt,0,3,0%,7.33
Algeria,0,3,0%,27.67
Israel,0,3,0%,42
Greece,0,2,0%,4
Kenya,0,2,0%,6
Lithuania,0,2,0%,6
Switzerland,0,2,0%,6.5
Denmark,0,2,0%,6.5
Jordan,0,2,0%,6.5
Myanmar (Burma),0,2,0%,7.5
Portugal,0,2,0%,8
Cayman Islands,0,2,0%,8.5
Saudi Arabia,0,2,0%,11
Congo - Kinshasa,0,2,0%,12.5
Sweden,0,2,0%,43.5
Spain,0,2,0%,73.5
Serbia,0,1,0%,1
Italy,0,1,0%,2
Cambodia,0,1,0%,2
Chile,0,1,0%,3
Moldova,0,1,0%,3
Tunisia,0,1,0%,3
Maldives,0,1,0%,4
Ghana,0,1,0%,5
Macedonia,0,1,0%,7
Nigeria,0,1,0%,7
Belarus,0,1,0%,8
Hong Kong,0,1,0%,8
Japan,0,1,0%,8
Finland,0,1,0%,9
Luxembourg,0,1,0%,9
Pakistan,0,1,0%,9
Iran,0,1,0%,11
Czechia,0,1,0%,14
China,0,1,0%,29
Mexico,0,1,0%,59
Turkey,0,1,0%,71
Venezuela,0,1,0%,72