Top pages,Clicks,Impressions,CTR,Position
https://megatools-tau.vercel.app/ascii-banner,4,62,6.45%,16.82
https://megatools-tau.vercel.app/favicon-generator,1,12,8.33%,7.75
https://megatools-tau.vercel.app/bip39-generator,1,8,12.5%,72.62
https://megatools-tau.vercel.app/semver-calculator,0,56,0%,28.93
https://megatools-tau.vercel.app/aspect-ratio-calculator,0,54,0%,75.59
https://megatools-tau.vercel.app/http-status,0,37,0%,5.16
https://megatools-tau.vercel.app/ai-model-comparator,0,32,0%,6.09
https://megatools-tau.vercel.app/aes-crypto,0,27,0%,73.56
https://megatools-tau.vercel.app/binary-converter,0,23,0%,62.35
https://megatools-tau.vercel.app/color-contrast,0,22,0%,82.05
https://megatools-tau.vercel.app/sql-formatter,0,19,0%,10.42
https://megatools-tau.vercel.app/cron-simulator,0,17,0%,5.35
https://megatools-tau.vercel.app/eth-unit-converter,0,17,0%,55.24
https://megatools-tau.vercel.app/cidr-calculator,0,16,0%,29.25
https://megatools-tau.vercel.app/audio-trimmer,0,15,0%,5.93
https://megatools-tau.vercel.app/file-checksum,0,14,0%,8.14
https://megatools-tau.vercel.app/eip55-checksum,0,13,0%,5.69
https://megatools-tau.vercel.app/vector-similarity,0,12,0%,27.83
https://megatools-tau.vercel.app/changelog,0,10,0%,6.1
https://megatools-tau.vercel.app/sri-hash-generator,0,9,0%,19.78
https://megatools-tau.vercel.app/base64,0,9,0%,22.56
https://megatools-tau.vercel.app/solana-converter,0,9,0%,24.56
https://megatools-tau.vercel.app/ipv6-calculator,0,9,0%,41.33
https://megatools-tau.vercel.app/clip-path-generator,0,9,0%,60.22
https://megatools-tau.vercel.app/keycode-tester,0,8,0%,13.5
https://megatools-tau.vercel.app/text-diff,0,8,0%,76.25
https://megatools-tau.vercel.app/csp-builder,0,7,0%,9
https://megatools-tau.vercel.app/svg-optimizer,0,7,0%,27.14
https://megatools-tau.vercel.app/docker-compose-converter,0,6,0%,9
https://megatools-tau.vercel.app/steganography,0,6,0%,71.83
https://megatools-tau.vercel.app/og-previewer,0,5,0%,6.8
https://megatools-tau.vercel.app/,0,5,0%,32.8
https://megatools-tau.vercel.app/cert-inspector,0,5,0%,55.8
https://megatools-tau.vercel.app/hash-generator,0,4,0%,2.5
https://megatools-tau.vercel.app/port-lookup,0,4,0%,5.25
https://megatools-tau.vercel.app/timestamp-converter,0,4,0%,8.5
https://megatools-tau.vercel.app/text-transformer,0,4,0%,51.25
https://megatools-tau.vercel.app/json-to-ts,0,3,0%,7.33
https://megatools-tau.vercel.app/sql-to-ts,0,3,0%,7.67
https://megatools-tau.vercel.app/totp-generator,0,3,0%,8
https://megatools-tau.vercel.app/html-to-jsx,0,3,0%,16.33
https://megatools-tau.vercel.app/keypair-generator,0,3,0%,24.67
https://megatools-tau.vercel.app/merkle-tree-generator,0,3,0%,37.33
https://megatools-tau.vercel.app/image-cropper,0,2,0%,3
https://megatools-tau.vercel.app/har-viewer,0,2,0%,4
https://megatools-tau.vercel.app/dns-lookup,0,2,0%,6
https://megatools-tau.vercel.app/terms,0,2,0%,6.5
https://megatools-tau.vercel.app/tone-generator,0,2,0%,7.5
https://megatools-tau.vercel.app/evm-calldata-decoder,0,2,0%,8.5
https://megatools-tau.vercel.app/bcrypt-generator,0,2,0%,9.5
https://megatools-tau.vercel.app/markdown-table,0,2,0%,10
https://megatools-tau.vercel.app/exif-stripper,0,2,0%,22.5
https://megatools-tau.vercel.app/code-minifier,0,2,0%,43.5
https://megatools-tau.vercel.app/svg-converter,0,2,0%,47
https://megatools-tau.vercel.app/screen-recorder,0,2,0%,49.5
https://megatools-tau.vercel.app/json-schema-generator,0,1,0%,4
https://megatools-tau.vercel.app/about,0,1,0%,6
https://megatools-tau.vercel.app/color-converter-pro,0,1,0%,6
https://megatools-tau.vercel.app/color-extractor,0,1,0%,6
https://megatools-tau.vercel.app/password-analyzer,0,1,0%,6
https://megatools-tau.vercel.app/keccak-calculator,0,1,0%,7
https://megatools-tau.vercel.app/json-formatter,0,1,0%,8
https://megatools-tau.vercel.app/markdown-preview,0,1,0%,9
https://megatools-tau.vercel.app/hmac-generator,0,1,0%,10
https://megatools-tau.vercel.app/qr-scanner,0,1,0%,10
https://megatools-tau.vercel.app/qrcode,0,1,0%,10
https://megatools-tau.vercel.app/cron-parser,0,1,0%,11
https://megatools-tau.vercel.app/pdf-merge,0,1,0%,14
https://megatools-tau.vercel.app/pdf-split,0,1,0%,17
https://megatools-tau.vercel.app/pdf-metadata-editor,0,1,0%,23
https://megatools-tau.vercel.app/uuid-generator,0,1,0%,100