Top queries,Clicks,Impressions,CTR,Position
semver tester,0,30,0%,13.33
semver checker,0,12,0%,53.75
postgresql beautifier,0,11,0%,5.27
cidr notation calculator,0,11,0%,10.09
semver validator,0,10,0%,54.9
#4ade80,0,7,0%,48.71
wav cutter,0,6,0%,7.67
resolution calculator,0,6,0%,71.33
color palette contrast checker,0,6,0%,88.17
ogg cutter,0,5,0%,4.6
solana lamports to sol conversion,0,5,0%,35.2
aspect ratio calculator px,0,5,0%,74.8
aes decryption function ontools,0,5,0%,94.4
https://ultra-kas.vercel.app/,0,4,0%,10
color palette contrast,0,4,0%,71
color contrast chart,0,4,0%,71.75
resolution scale calculator,0,4,0%,72.75
cidr tool,0,4,0%,84.5
ontools aes decryption function,0,4,0%,88
ascii terminal art,0,3,0%,6.33
ascii banner generator,0,3,0%,22.67
калькулятор gwei,0,3,0%,51.33
01101111,0,3,0%,61
21 9 aspect ratio calculator,0,3,0%,67.67
pixel to ratio,0,3,0%,81
certificate inspector,0,3,0%,84.67
%rfc 9110 404 not found section 15.5.5,0,2,0%,3.5
mysql beautify,0,2,0%,5.5
wav trimmer,0,2,0%,5.5
mysql beautifier,0,2,0%,7
pwa icon generator,0,2,0%,11
website favicon size,0,2,0%,11
metadata stripper,0,2,0%,22.5
css shapes generator,0,2,0%,42.5
01101000 01100101 01101100 01101100 01101111,0,2,0%,60.5
ascii text banner generator,0,2,0%,62
gwei to eth,0,2,0%,62
banner ascii,0,2,0%,65.5
eth converter,0,2,0%,66.5
resolution aspect ratio calculator,0,2,0%,67
resolution scaling calculator,0,2,0%,69
pixel aspect ratio calculator,0,2,0%,69.5
01101000 01101001,0,2,0%,70
01100110 01110101 01100011 01101011,0,2,0%,70.5
cosine distance calculator,0,2,0%,76.5
scale resolution calculator,0,2,0%,77
pixel to aspect ratio,0,2,0%,83.5
diff analyzer,0,2,0%,87.5
12 word seed phrase generator,0,2,0%,92
ontools aes encryption function,0,2,0%,92.5
ontools online text tools,0,2,0%,94.5
aes encryption function ontools,0,2,0%,95.5
color palette checker,0,2,0%,95.5
ratio resize calculator,0,1,0%,1
all-convert-tau.vercel.app,0,1,0%,2
eip-55 checksum address official,0,1,0%,2
sqlite formatter,0,1,0%,3
"1 sol equals 1,000,000,000 lamports",0,1,0%,4
crontab visualizer,0,1,0%,5
svg to jsx converter,0,1,0%,5
terminal banner,0,1,0%,5
ogg trimmer,0,1,0%,6
ultra-kas.vercel.app,0,1,0%,7
tcp port lookup,0,1,0%,8
calldata decoder,0,1,0%,10
ssl inspector,0,1,0%,17
cidr math,0,1,0%,19
pdf metadata editor,0,1,0%,23
sql formatter & beautifier online,0,1,0%,30
00110010,0,1,0%,39
ascii art for terminal,0,1,0%,41
html to next.js conversion,0,1,0%,42
keycode checker,0,1,0%,46
clip path polygon generator,0,1,0%,48
megatools,0,1,0%,54
banner ascii generator,0,1,0%,56
wei to gwei,0,1,0%,56
ascii banner generator online,0,1,0%,58
aspect ratio resolution calculator,0,1,0%,58
sri hash generator,0,1,0%,58
gwei to ether,0,1,0%,59
wei to ether,0,1,0%,60
convert resolution to aspect ratio,0,1,0%,61
gwei calculator,0,1,0%,61
wei to eth,0,1,0%,61
ethereum gwei calculator,0,1,0%,62
aspect ratio pixel calculator,0,1,0%,64
colour contrast chart,0,1,0%,64
01110010,0,1,0%,65
s-tools steganography download,0,1,0%,67
banner ascii art,0,1,0%,68
bip39 mnemonic code converter,0,1,0%,68
create ascii banner,0,1,0%,69
resolution calc,0,1,0%,69
rsa 4096 key generator,0,1,0%,69
21 9 resolution calculator,0,1,0%,71
pixel to ratio calculator,0,1,0%,71
ascii banner,0,1,0%,72
aspect ratio to px,0,1,0%,72
resolution to aspect ratio,0,1,0%,72
eth gas calculator,0,1,0%,73
ascii banners,0,1,0%,74
resolution ratio calculator,0,1,0%,74
01100010 01101001 01101100 01101100 in binary,0,1,0%,75
clip path polygon css,0,1,0%,76
cryptool online aes,0,1,0%,76
pixel ratio converter,0,1,0%,77
ratio to pixels,0,1,0%,77
clip-path polygon css,0,1,0%,78
01101011,0,1,0%,79
clip path polygon,0,1,0%,79
css shape generator,0,1,0%,81
sri hash,0,1,0%,81
0110000000,0,1,0%,82
ipv6 subnet calculator online,0,1,0%,82
pixel resolution calculator,0,1,0%,83
01101101 01101111 01110100 01101000 01100101 01110010,0,1,0%,84
cosine similarity calculator,0,1,0%,84
polygon generator,0,1,0%,84
spot the difference in text,0,1,0%,84
palette checker,0,1,0%,85
pixels to aspect ratio,0,1,0%,85
ratio calculator pixels,0,1,0%,85
ratio to pixel,0,1,0%,85
0x5b38da6a701c568545dcfcb03fcb875f56beddc4,0,1,0%,87
online image steganography decoder,0,1,0%,87
aspect ratio to pixels,0,1,0%,88
pixels to ratio,0,1,0%,88
screen resolution calculator,0,1,0%,91
colour palette contrast checker,0,1,0%,93
stegsolve online,0,1,0%,95
resolution ratio,0,1,0%,96
contrast tool,0,1,0%,98
find contrast color,0,1,0%,98